
{
  "__schema": {
    "types": [
      {
        "kind": "INTERFACE",
        "name": "Attribute",
        "possibleTypes": [
          {
            "name": "BooleanAttribute"
          },
          {
            "name": "DateAttribute"
          },
          {
            "name": "DateTimeAttribute"
          },
          {
            "name": "EnumAttribute"
          },
          {
            "name": "LocalizedEnumAttribute"
          },
          {
            "name": "LocalizedStringAttribute"
          },
          {
            "name": "MoneyAttribute"
          },
          {
            "name": "NumberAttribute"
          },
          {
            "name": "ReferenceAttribute"
          },
          {
            "name": "StringAttribute"
          },
          {
            "name": "TimeAttribute"
          }
        ]
      },
      {
        "kind": "INTERFACE",
        "name": "AttributeDefinitionType",
        "possibleTypes": [
          {
            "name": "BooleanAttributeDefinitionType"
          },
          {
            "name": "DateAttributeDefinitionType"
          },
          {
            "name": "DateTimeAttributeDefinitionType"
          },
          {
            "name": "EnumAttributeDefinitionType"
          },
          {
            "name": "LocalizableEnumAttributeDefinitionType"
          },
          {
            "name": "LocalizableTextAttributeDefinitionType"
          },
          {
            "name": "MoneyAttributeDefinitionType"
          },
          {
            "name": "NestedAttributeDefinitionType"
          },
          {
            "name": "NumberAttributeDefinitionType"
          },
          {
            "name": "ReferenceAttributeDefinitionType"
          },
          {
            "name": "SetAttributeDefinitionType"
          },
          {
            "name": "TextAttributeDefinitionType"
          },
          {
            "name": "TimeAttributeDefinitionType"
          }
        ]
      },
      {
        "kind": "INTERFACE",
        "name": "BaseMoney",
        "possibleTypes": [
          {
            "name": "HighPrecisionMoney"
          },
          {
            "name": "Money"
          }
        ]
      },
      {
        "kind": "INTERFACE",
        "name": "CartDiscountTarget",
        "possibleTypes": [
          {
            "name": "CustomLineItemsTarget"
          },
          {
            "name": "LineItemsTarget"
          },
          {
            "name": "MultiBuyCustomLineItemsTarget"
          },
          {
            "name": "MultiBuyLineItemsTarget"
          },
          {
            "name": "ShippingTarget"
          }
        ]
      },
      {
        "kind": "INTERFACE",
        "name": "CartDiscountValue",
        "possibleTypes": [
          {
            "name": "AbsoluteDiscountValue"
          },
          {
            "name": "GiftLineItemValue"
          },
          {
            "name": "RelativeDiscountValue"
          }
        ]
      },
      {
        "kind": "INTERFACE",
        "name": "CustomField",
        "possibleTypes": [
          {
            "name": "BooleanField"
          },
          {
            "name": "DateField"
          },
          {
            "name": "DateTimeField"
          },
          {
            "name": "EnumField"
          },
          {
            "name": "LocalizedEnumField"
          },
          {
            "name": "LocalizedStringField"
          },
          {
            "name": "MoneyField"
          },
          {
            "name": "NumberField"
          },
          {
            "name": "ReferenceField"
          },
          {
            "name": "StringField"
          },
          {
            "name": "TimeField"
          }
        ]
      },
      {
        "kind": "INTERFACE",
        "name": "FieldType",
        "possibleTypes": [
          {
            "name": "BooleanType"
          },
          {
            "name": "DateTimeType"
          },
          {
            "name": "DateType"
          },
          {
            "name": "EnumType"
          },
          {
            "name": "LocalizedEnumType"
          },
          {
            "name": "LocalizedStringType"
          },
          {
            "name": "MoneyType"
          },
          {
            "name": "NumberType"
          },
          {
            "name": "ReferenceType"
          },
          {
            "name": "SetType"
          },
          {
            "name": "StringType"
          },
          {
            "name": "TimeType"
          }
        ]
      },
      {
        "kind": "INTERFACE",
        "name": "ProductDiscountValue",
        "possibleTypes": [
          {
            "name": "AbsoluteDiscountValue"
          },
          {
            "name": "ExternalDiscountValue"
          },
          {
            "name": "RelativeDiscountValue"
          }
        ]
      },
      {
        "kind": "INTERFACE",
        "name": "ProductType",
        "possibleTypes": [
          {
            "name": "mainProductType"
          }
        ]
      },
      {
        "kind": "INTERFACE",
        "name": "ShippingRateInput",
        "possibleTypes": [
          {
            "name": "ClassificationShippingRateInput"
          },
          {
            "name": "ScoreShippingRateInput"
          }
        ]
      },
      {
        "kind": "INTERFACE",
        "name": "ShippingRatePriceTier",
        "possibleTypes": [
          {
            "name": "ShippingRateCartClassificationPriceTier"
          },
          {
            "name": "ShippingRateCartScorePriceTier"
          },
          {
            "name": "ShippingRateCartValuePriceTier"
          }
        ]
      },
      {
        "kind": "INTERFACE",
        "name": "Type",
        "possibleTypes": [
          {
            "name": "iOSUserType"
          }
        ]
      },
      {
        "kind": "INTERFACE",
        "name": "Versioned",
        "possibleTypes": [
          {
            "name": "CartDiscount"
          },
          {
            "name": "Category"
          },
          {
            "name": "Channel"
          },
          {
            "name": "Customer"
          },
          {
            "name": "CustomerGroup"
          },
          {
            "name": "DiscountCode"
          },
          {
            "name": "Product"
          },
          {
            "name": "ProductDiscount"
          },
          {
            "name": "ProductTypeDefinition"
          },
          {
            "name": "State"
          },
          {
            "name": "TypeDefinition"
          }
        ]
      }
    ]
  }
}